region,date,new_case,total_case
Bas-Saint-Laurent,2020-03-13,0,0
Saguenay-Lac-Saint-Jean,2020-03-13,0,0
Capitale Nationale,2020-03-13,0,0
Mauricie - Centre du Québec,2020-03-13,0,1
Estrie,2020-03-13,0,2
Montréal,2020-03-13,0,7
Outaouais,2020-03-13,0,0
Abitibi-Temiscamingue,2020-03-13,0,0
Côte-Nord,2020-03-13,0,0
Nord-du-Québec,2020-03-13,0,0
Gaspésie-Îles-de-la-Madeleine,2020-03-13,0,0
Chaudière-Appalaches,2020-03-13,0,1
Laval,2020-03-13,0,0
Lanaudière,2020-03-13,0,0
Laurentides,2020-03-13,0,2
Montérégie,2020-03-13,0,4
Nunavik,2020-03-13,0,0
Terres-Cries-de-la-Baie-James,2020-03-13,0,0
Bas-Saint-Laurent,2020-03-14,0,0
Saguenay-Lac-Saint-Jean,2020-03-14,0,0
Capitale Nationale,2020-03-14,0,0
Mauricie - Centre du Québec,2020-03-14,0,1
Estrie,2020-03-14,1,3
Montréal,2020-03-14,0,8
Outaouais,2020-03-14,0,0
Abitibi-Temiscamingue,2020-03-14,0,0
Côte-Nord,2020-03-14,0,0
Nord-du-Québec,2020-03-14,0,0
Gaspésie-Îles-de-la-Madeleine,2020-03-14,0,0
Chaudière-Appalaches,2020-03-14,0,1
Laval,2020-03-14,0,0
Lanaudière,2020-03-14,0,1
Laurentides,2020-03-14,0,2
Montérégie,2020-03-14,1,7
Nunavik,2020-03-14,0,0
Terres-Cries-de-la-Baie-James,2020-03-14,0,0
Bas-Saint-Laurent,2020-03-15,0,0
Saguenay-Lac-Saint-Jean,2020-03-15,0,0
Capitale Nationale,2020-03-15,0,2
Mauricie - Centre du Québec,2020-03-15,0,3
Estrie,2020-03-15,0,4
Montréal,2020-03-15,1,10
Outaouais,2020-03-15,0,0
Abitibi-Temiscamingue,2020-03-15,0,0
Côte-Nord,2020-03-15,0,0
Nord-du-Québec,2020-03-15,0,0
Gaspésie-Îles-de-la-Madeleine,2020-03-15,0,0
Chaudière-Appalaches,2020-03-15,2,3
Laval,2020-03-15,0,0
Lanaudière,2020-03-15,1,2
Laurentides,2020-03-15,0,3
Montérégie,2020-03-15,0,9
Nunavik,2020-03-15,0,0
Terres-Cries-de-la-Baie-James,2020-03-15,0,0
Bas-Saint-Laurent,2020-03-16,0,0
Saguenay-Lac-Saint-Jean,2020-03-16,0,0
Capitale Nationale,2020-03-16,0,2
Mauricie - Centre du Québec,2020-03-16,0,3
Estrie,2020-03-16,0,3
Montréal,2020-03-16,5,18
Outaouais,2020-03-16,0,0
Abitibi-Temiscamingue,2020-03-16,0,0
Côte-Nord,2020-03-16,0,0
Nord-du-Québec,2020-03-16,0,0
Gaspésie-Îles-de-la-Madeleine,2020-03-16,0,0
Chaudière-Appalaches,2020-03-16,1,4
Laval,2020-03-16,0,0
Lanaudière,2020-03-16,1,3
Laurentides,2020-03-16,0,3
Montérégie,2020-03-16,1,10
Nunavik,2020-03-16,0,0
Terres-Cries-de-la-Baie-James,2020-03-16,0,0
Bas-Saint-Laurent,2020-03-17,0,0
Saguenay-Lac-Saint-Jean,2020-03-17,0,0
Capitale Nationale,2020-03-17,0,3
Mauricie - Centre du Québec,2020-03-17,0,3
Estrie,2020-03-17,0,9
Montréal,2020-03-17,1,22
Outaouais,2020-03-17,0,0
Abitibi-Temiscamingue,2020-03-17,0,0
Côte-Nord,2020-03-17,0,0
Nord-du-Québec,2020-03-17,0,0
Gaspésie-Îles-de-la-Madeleine,2020-03-17,0,0
Chaudière-Appalaches,2020-03-17,0,4
Laval,2020-03-17,0,0
Lanaudière,2020-03-17,3,6
Laurentides,2020-03-17,2,7
Montérégie,2020-03-17,2,13
Nunavik,2020-03-17,0,0
Terres-Cries-de-la-Baie-James,2020-03-17,0,0
Bas-Saint-Laurent,2020-03-18,0,0
Saguenay-Lac-Saint-Jean,2020-03-18,0,0
Capitale Nationale,2020-03-18,5,8
Mauricie - Centre du Québec,2020-03-18,0,3
Estrie,2020-03-18,9,18
Montréal,2020-03-18,2,24
Outaouais,2020-03-18,1,1
Abitibi-Temiscamingue,2020-03-18,0,0
Côte-Nord,2020-03-18,0,0
Nord-du-Québec,2020-03-18,0,0
Gaspésie-Îles-de-la-Madeleine,2020-03-18,0,0
Chaudière-Appalaches,2020-03-18,2,6
Laval,2020-03-18,0,0
Lanaudière,2020-03-18,0,6
Laurentides,2020-03-18,1,8
Montérégie,2020-03-18,0,13
Nunavik,2020-03-18,0,0
Terres-Cries-de-la-Baie-James,2020-03-18,0,0
Bas-Saint-Laurent,2020-03-19,0,1
Saguenay-Lac-Saint-Jean,2020-03-19,0,0
Capitale Nationale,2020-03-19,2,10
Mauricie - Centre du Québec,2020-03-19,0,3
Estrie,2020-03-19,8,26
Montréal,2020-03-19,4,28
Outaouais,2020-03-19,0,1
Abitibi-Temiscamingue,2020-03-19,0,0
Côte-Nord,2020-03-19,0,0
Nord-du-Québec,2020-03-19,0,0
Gaspésie-Îles-de-la-Madeleine,2020-03-19,0,0
Chaudière-Appalaches,2020-03-19,0,6
Laval,2020-03-19,1,1
Lanaudière,2020-03-19,1,7
Laurentides,2020-03-19,1,9
Montérégie,2020-03-19,6,19
Nunavik,2020-03-19,0,0
Terres-Cries-de-la-Baie-James,2020-03-19,0,0
Bas-Saint-Laurent,2020-03-20,0,1
Saguenay-Lac-Saint-Jean,2020-03-20,0,0
Capitale Nationale,2020-03-20,0,10
Mauricie - Centre du Québec,2020-03-20,1,4
Estrie,2020-03-20,0,26
Montréal,2020-03-20,3,31
Outaouais,2020-03-20,0,1
Abitibi-Temiscamingue,2020-03-20,0,0
Côte-Nord,2020-03-20,0,0
Nord-du-Québec,2020-03-20,1,1
Gaspésie-Îles-de-la-Madeleine,2020-03-20,0,0
Chaudière-Appalaches,2020-03-20,0,6
Laval,2020-03-20,0,1
Lanaudière,2020-03-20,0,7
Laurentides,2020-03-20,1,10
Montérégie,2020-03-20,2,21
Nunavik,2020-03-20,0,0
Terres-Cries-de-la-Baie-James,2020-03-20,0,0
Bas-Saint-Laurent,2020-03-21,0,1
Saguenay-Lac-Saint-Jean,2020-03-21,1,1
Capitale Nationale,2020-03-21,3,13
Mauricie - Centre du Québec,2020-03-21,1,5
Estrie,2020-03-21,1,27
Montréal,2020-03-21,10,41
Outaouais,2020-03-21,2,3
Abitibi-Temiscamingue,2020-03-21,0,0
Côte-Nord,2020-03-21,0,0
Nord-du-Québec,2020-03-21,0,1
Gaspésie-Îles-de-la-Madeleine,2020-03-21,0,0
Chaudière-Appalaches,2020-03-21,7,13
Laval,2020-03-21,2,3
Lanaudière,2020-03-21,2,9
Laurentides,2020-03-21,4,14
Montérégie,2020-03-21,5,26
Nunavik,2020-03-21,0,0
Terres-Cries-de-la-Baie-James,2020-03-21,0,0
Bas-Saint-Laurent,2020-03-22,0,1
Saguenay-Lac-Saint-Jean,2020-03-22,0,1
Capitale Nationale,2020-03-22,0,13
Mauricie - Centre du Québec,2020-03-22,2,7
Estrie,2020-03-22,3,30
Montréal,2020-03-22,5,46
Outaouais,2020-03-22,2,5
Abitibi-Temiscamingue,2020-03-22,0,0
Côte-Nord,2020-03-22,0,0
Nord-du-Québec,2020-03-22,0,1
Gaspésie-Îles-de-la-Madeleine,2020-03-22,0,0
Chaudière-Appalaches,2020-03-22,0,13
Laval,2020-03-22,1,4
Lanaudière,2020-03-22,6,15
Laurentides,2020-03-22,3,17
Montérégie,2020-03-22,14,40
Nunavik,2020-03-22,0,0
Terres-Cries-de-la-Baie-James,2020-03-22,0,0
Bas-Saint-Laurent,2020-03-23,2,3
Saguenay-Lac-Saint-Jean,2020-03-23,0,1
Capitale Nationale,2020-03-23,20,33
Mauricie - Centre du Québec,2020-03-23,9,16
Estrie,2020-03-23,18,48
Montréal,2020-03-23,219,265
Outaouais,2020-03-23,3,8
Abitibi-Temiscamingue,2020-03-23,3,3
Côte-Nord,2020-03-23,0,0
Nord-du-Québec,2020-03-23,0,1
Gaspésie-Îles-de-la-Madeleine,2020-03-23,3,3
Chaudière-Appalaches,2020-03-23,2,15
Laval,2020-03-23,17,21
Lanaudière,2020-03-23,35,50
Laurentides,2020-03-23,13,30
Montérégie,2020-03-23,26,66
Nunavik,2020-03-23,0,0
Terres-Cries-de-la-Baie-James,2020-03-23,0,0
Bas-Saint-Laurent,2020-03-24,1,4
Saguenay-Lac-Saint-Jean,2020-03-24,4,5
Capitale Nationale,2020-03-24,46,79
Mauricie - Centre du Québec,2020-03-24,16,32
Estrie,2020-03-24,82,130
Montréal,2020-03-24,174,439
Outaouais,2020-03-24,4,12
Abitibi-Temiscamingue,2020-03-24,2,5
Côte-Nord,2020-03-24,0,0
Nord-du-Québec,2020-03-24,0,1
Gaspésie-Îles-de-la-Madeleine,2020-03-24,4,7
Chaudière-Appalaches,2020-03-24,-1,14
Laval,2020-03-24,39,60
Lanaudière,2020-03-24,5,55
Laurentides,2020-03-24,14,44
Montérégie,2020-03-24,59,125
Nunavik,2020-03-24,0,0
Terres-Cries-de-la-Baie-James,2020-03-24,0,0
Bas-Saint-Laurent,2020-03-25,2,6
Saguenay-Lac-Saint-Jean,2020-03-25,3,8
Capitale Nationale,2020-03-25,16,95
Mauricie - Centre du Québec,2020-03-25,3,35
Estrie,2020-03-25,39,169
Montréal,2020-03-25,164,603
Outaouais,2020-03-25,1,13
Abitibi-Temiscamingue,2020-03-25,0,5
Côte-Nord,2020-03-25,2,2
Nord-du-Québec,2020-03-25,0,1
Gaspésie-Îles-de-la-Madeleine,2020-03-25,0,7
Chaudière-Appalaches,2020-03-25,32,46
Laval,2020-03-25,23,83
Lanaudière,2020-03-25,13,68
Laurentides,2020-03-25,6,50
Montérégie,2020-03-25,23,148
Nunavik,2020-03-25,0,0
Terres-Cries-de-la-Baie-James,2020-03-25,0,0
Bas-Saint-Laurent,2020-03-26,0,6
Saguenay-Lac-Saint-Jean,2020-03-26,3,11
Capitale Nationale,2020-03-26,8,103
Mauricie - Centre du Québec,2020-03-26,14,49
Estrie,2020-03-26,18,187
Montréal,2020-03-26,179,782
Outaouais,2020-03-26,3,16
Abitibi-Temiscamingue,2020-03-26,6,11
Côte-Nord,2020-03-26,1,3
Nord-du-Québec,2020-03-26,0,1
Gaspésie-Îles-de-la-Madeleine,2020-03-26,0,7
Chaudière-Appalaches,2020-03-26,12,58
Laval,2020-03-26,12,95
Lanaudière,2020-03-26,4,72
Laurentides,2020-03-26,11,61
Montérégie,2020-03-26,19,167
Nunavik,2020-03-26,0,0
Terres-Cries-de-la-Baie-James,2020-03-26,0,0
Bas-Saint-Laurent,2020-03-27,1,7
Saguenay-Lac-Saint-Jean,2020-03-27,5,16
Capitale Nationale,2020-03-27,3,106
Mauricie - Centre du Québec,2020-03-27,20,69
Estrie,2020-03-27,40,227
Montréal,2020-03-27,189,971
Outaouais,2020-03-27,2,18
Abitibi-Temiscamingue,2020-03-27,7,18
Côte-Nord,2020-03-27,3,6
Nord-du-Québec,2020-03-27,0,1
Gaspésie-Îles-de-la-Madeleine,2020-03-27,0,7
Chaudière-Appalaches,2020-03-27,15,73
Laval,2020-03-27,35,130
Lanaudière,2020-03-27,25,97
Laurentides,2020-03-27,20,81
Montérégie,2020-03-27,26,193
Nunavik,2020-03-27,0,0
Terres-Cries-de-la-Baie-James,2020-03-27,0,0
Bas-Saint-Laurent,2020-03-28,1,8
Saguenay-Lac-Saint-Jean,2020-03-28,2,18
Capitale Nationale,2020-03-28,42,148
Mauricie - Centre du Québec,2020-03-28,16,85
Estrie,2020-03-28,26,253
Montréal,2020-03-28,248,1219
Outaouais,2020-03-28,8,26
Abitibi-Temiscamingue,2020-03-28,6,24
Côte-Nord,2020-03-28,7,13
Nord-du-Québec,2020-03-28,0,1
Gaspésie-Îles-de-la-Madeleine,2020-03-28,2,9
Chaudière-Appalaches,2020-03-28,7,80
Laval,2020-03-28,30,160
Lanaudière,2020-03-28,31,126
Laurentides,2020-03-28,27,108
Montérégie,2020-03-28,26,219
Nunavik,2020-03-28,0,0
Terres-Cries-de-la-Baie-James,2020-03-28,1,1
Bas-Saint-Laurent,2020-03-29,0,8
Saguenay-Lac-Saint-Jean,2020-03-29,0,18
Capitale Nationale,2020-03-29,16,164
Mauricie - Centre du Québec,2020-03-29,37,122
Estrie,2020-03-29,43,296
Montréal,2020-03-29,142,1361
Outaouais,2020-03-29,2,28
Abitibi-Temiscamingue,2020-03-29,3,27
Côte-Nord,2020-03-29,4,17
Nord-du-Québec,2020-03-29,0,1
Gaspésie-Îles-de-la-Madeleine,2020-03-29,0,9
Chaudière-Appalaches,2020-03-29,6,86
Laval,2020-03-29,20,180
Lanaudière,2020-03-29,18,144
Laurentides,2020-03-29,12,120
Montérégie,2020-03-29,38,257
Nunavik,2020-03-29,1,1
Terres-Cries-de-la-Baie-James,2020-03-29,0,1
Bas-Saint-Laurent,2020-03-30,3,11
Saguenay-Lac-Saint-Jean,2020-03-30,6,24
Capitale Nationale,2020-03-30,10,174
Mauricie - Centre du Québec,2020-03-30,42,164
Estrie,2020-03-30,33,329
Montréal,2020-03-30,251,1612
Outaouais,2020-03-30,10,38
Abitibi-Temiscamingue,2020-03-30,1,28
Côte-Nord,2020-03-30,9,26
Nord-du-Québec,2020-03-30,0,1
Gaspésie-Îles-de-la-Madeleine,2020-03-30,4,13
Chaudière-Appalaches,2020-03-30,9,95
Laval,2020-03-30,77,257
Lanaudière,2020-03-30,53,197
Laurentides,2020-03-30,49,169
Montérégie,2020-03-30,32,289
Nunavik,2020-03-30,0,1
Terres-Cries-de-la-Baie-James,2020-03-30,1,2
Bas-Saint-Laurent,2020-03-31,2,13
Saguenay-Lac-Saint-Jean,2020-03-31,7,31
Capitale Nationale,2020-03-31,39,213
Mauricie - Centre du Québec,2020-03-31,51,215
Estrie,2020-03-31,36,365
Montréal,2020-03-31,379,1991
Outaouais,2020-03-31,12,50
Abitibi-Temiscamingue,2020-03-31,6,34
Côte-Nord,2020-03-31,4,30
Nord-du-Québec,2020-03-31,0,1
Gaspésie-Îles-de-la-Madeleine,2020-03-31,24,37
Chaudière-Appalaches,2020-03-31,22,117
Laval,2020-03-31,15,272
Lanaudière,2020-03-31,52,249
Laurentides,2020-03-31,30,199
Montérégie,2020-03-31,52,341
Nunavik,2020-03-31,0,1
Terres-Cries-de-la-Baie-James,2020-03-31,1,3
Bas-Saint-Laurent,2020-04-01,5,18
Saguenay-Lac-Saint-Jean,2020-04-01,1,32
Capitale Nationale,2020-04-01,34,247
Mauricie - Centre du Québec,2020-04-01,32,247
Estrie,2020-04-01,14,379
Montréal,2020-04-01,106,2097
Outaouais,2020-04-01,14,64
Abitibi-Temiscamingue,2020-04-01,7,41
Côte-Nord,2020-04-01,5,35
Nord-du-Québec,2020-04-01,0,1
Gaspésie-Îles-de-la-Madeleine,2020-04-01,0,37
Chaudière-Appalaches,2020-04-01,13,130
Laval,2020-04-01,66,338
Lanaudière,2020-04-01,7,256
Laurentides,2020-04-01,64,263
Montérégie,2020-04-01,81,422
Nunavik,2020-04-01,0,1
Terres-Cries-de-la-Baie-James,2020-04-01,0,3
Bas-Saint-Laurent,2020-04-02,1,19
Saguenay-Lac-Saint-Jean,2020-04-02,0,32
Capitale Nationale,2020-04-02,23,270
Mauricie - Centre du Québec,2020-04-02,71,318
Estrie,2020-04-02,25,404
Montréal,2020-04-02,545,2642
Outaouais,2020-04-02,11,75
Abitibi-Temiscamingue,2020-04-02,6,47
Côte-Nord,2020-04-02,7,42
Nord-du-Québec,2020-04-02,1,1
Gaspésie-Îles-de-la-Madeleine,2020-04-02,1,38
Chaudière-Appalaches,2020-04-02,3,133
Laval,2020-04-02,73,411
Lanaudière,2020-04-02,49,305
Laurentides,2020-04-02,27,290
Montérégie,2020-04-02,64,486
Nunavik,2020-04-02,1,2
Terres-Cries-de-la-Baie-James,2020-04-02,0,3
Bas-Saint-Laurent,2020-04-03,5,24
Saguenay-Lac-Saint-Jean,2020-04-03,12,44
Capitale Nationale,2020-04-03,10,280
Mauricie - Centre du Québec,2020-04-03,46,364
Estrie,2020-04-03,46,450
Montréal,2020-04-03,195,2837
Outaouais,2020-04-03,6,81
Abitibi-Temiscamingue,2020-04-03,11,58
Côte-Nord,2020-04-03,5,47
Nord-du-Québec,2020-04-03,1,2
Gaspésie-Îles-de-la-Madeleine,2020-04-03,3,41
Chaudière-Appalaches,2020-04-03,3,136
Laval,2020-04-03,65,476
Lanaudière,2020-04-03,49,354
Laurentides,2020-04-03,29,319
Montérégie,2020-04-03,97,583
Nunavik,2020-04-03,0,2
Terres-Cries-de-la-Baie-James,2020-04-03,0,3
Bas-Saint-Laurent,2020-04-04,3,27
Saguenay-Lac-Saint-Jean,2020-04-04,11,55
Capitale Nationale,2020-04-04,29,309
Mauricie - Centre du Québec,2020-04-04,67,431
Estrie,2020-04-04,49,499
Montréal,2020-04-04,424,3261
Outaouais,2020-04-04,4,85
Abitibi-Temiscamingue,2020-04-04,18,76
Côte-Nord,2020-04-04,2,49
Nord-du-Québec,2020-04-04,0,2
Gaspésie-Îles-de-la-Madeleine,2020-04-04,2,43
Chaudière-Appalaches,2020-04-04,3,139
Laval,2020-04-04,93,569
Lanaudière,2020-04-04,39,393
Laurentides,2020-04-04,52,371
Montérégie,2020-04-04,100,683
Nunavik,2020-04-04,0,2
Terres-Cries-de-la-Baie-James,2020-04-04,0,3
Bas-Saint-Laurent,2020-04-05,0,27
Saguenay-Lac-Saint-Jean,2020-04-05,24,79
Capitale Nationale,2020-04-05,36,345
Mauricie - Centre du Québec,2020-04-05,63,494
Estrie,2020-04-05,19,518
Montréal,2020-04-05,452,3713
Outaouais,2020-04-05,24,109
Abitibi-Temiscamingue,2020-04-05,7,83
Côte-Nord,2020-04-05,9,58
Nord-du-Québec,2020-04-05,0,2
Gaspésie-Îles-de-la-Madeleine,2020-04-05,11,54
Chaudière-Appalaches,2020-04-05,17,156
Laval,2020-04-05,71,640
Lanaudière,2020-04-05,53,446
Laurentides,2020-04-05,37,408
Montérégie,2020-04-05,123,806
Nunavik,2020-04-05,0,2
Terres-Cries-de-la-Baie-James,2020-04-05,1,4
Bas-Saint-Laurent,2020-04-06,2,29
Saguenay-Lac-Saint-Jean,2020-04-06,14,93
Capitale Nationale,2020-04-06,12,357
Mauricie - Centre du Québec,2020-04-06,55,549
Estrie,2020-04-06,30,548
Montréal,2020-04-06,264,3977
Outaouais,2020-04-06,8,117
Abitibi-Temiscamingue,2020-04-06,18,101
Côte-Nord,2020-04-06,10,68
Nord-du-Québec,2020-04-06,0,2
Gaspésie-Îles-de-la-Madeleine,2020-04-06,8,62
Chaudière-Appalaches,2020-04-06,2,158
Laval,2020-04-06,72,712
Lanaudière,2020-04-06,45,491
Laurentides,2020-04-06,5,413
Montérégie,2020-04-06,88,894
Nunavik,2020-04-06,3,5
Terres-Cries-de-la-Baie-James,2020-04-06,0,4
Bas-Saint-Laurent,2020-04-07,1,30
Saguenay-Lac-Saint-Jean,2020-04-07,10,103
Capitale Nationale,2020-04-07,18,375
Mauricie - Centre du Québec,2020-04-07,40,589
Estrie,2020-04-07,22,570
Montréal,2020-04-07,430,4407
Outaouais,2020-04-07,12,129
Abitibi-Temiscamingue,2020-04-07,7,108
Côte-Nord,2020-04-07,3,71
Nord-du-Québec,2020-04-07,0,2
Gaspésie-Îles-de-la-Madeleine,2020-04-07,4,66
Chaudière-Appalaches,2020-04-07,23,181
Laval,2020-04-07,47,759
Lanaudière,2020-04-07,41,532
Laurentides,2020-04-07,34,447
Montérégie,2020-04-07,67,961
Nunavik,2020-04-07,0,5
Terres-Cries-de-la-Baie-James,2020-04-07,1,5
Bas-Saint-Laurent,2020-04-08,3,33
Saguenay-Lac-Saint-Jean,2020-04-08,15,118
Capitale Nationale,2020-04-08,17,392
Mauricie - Centre du Québec,2020-04-08,25,614
Estrie,2020-04-08,27,597
Montréal,2020-04-08,368,4775
Outaouais,2020-04-08,1,130
Abitibi-Temiscamingue,2020-04-08,3,111
Côte-Nord,2020-04-08,4,75
Nord-du-Québec,2020-04-08,0,2
Gaspésie-Îles-de-la-Madeleine,2020-04-08,9,75
Chaudière-Appalaches,2020-04-08,14,195
Laval,2020-04-08,72,831
Lanaudière,2020-04-08,48,580
Laurentides,2020-04-08,12,459
Montérégie,2020-04-08,73,1034
Nunavik,2020-04-08,0,5
Terres-Cries-de-la-Baie-James,2020-04-08,0,5
Bas-Saint-Laurent,2020-04-09,0,33
Saguenay-Lac-Saint-Jean,2020-04-09,5,123
Capitale Nationale,2020-04-09,20,412
Mauricie - Centre du Québec,2020-04-09,34,648
Estrie,2020-04-09,23,620
Montréal,2020-04-09,487,5262
Outaouais,2020-04-09,1,131
Abitibi-Temiscamingue,2020-04-09,8,119
Côte-Nord,2020-04-09,6,81
Nord-du-Québec,2020-04-09,0,2
Gaspésie-Îles-de-la-Madeleine,2020-04-09,4,79
Chaudière-Appalaches,2020-04-09,12,207
Laval,2020-04-09,66,897
Lanaudière,2020-04-09,84,664
Laurentides,2020-04-09,57,516
Montérégie,2020-04-09,74,1108
Nunavik,2020-04-09,0,5
Terres-Cries-de-la-Baie-James,2020-04-09,0,5
Bas-Saint-Laurent,2020-04-10,1,34
Saguenay-Lac-Saint-Jean,2020-04-10,12,135
Capitale Nationale,2020-04-10,15,427
Mauricie - Centre du Québec,2020-04-10,25,673
Estrie,2020-04-10,22,642
Montréal,2020-04-10,355,5617
Outaouais,2020-04-10,10,141
Abitibi-Temiscamingue,2020-04-10,11,130
Côte-Nord,2020-04-10,3,84
Nord-du-Québec,2020-04-10,3,5
Gaspésie-Îles-de-la-Madeleine,2020-04-10,5,84
Chaudière-Appalaches,2020-04-10,15,222
Laval,2020-04-10,120,1017
Lanaudière,2020-04-10,74,738
Laurentides,2020-04-10,29,545
Montérégie,2020-04-10,65,1173
Nunavik,2020-04-10,0,5
Terres-Cries-de-la-Baie-James,2020-04-10,0,5
Bas-Saint-Laurent,2020-04-11,0,34
Saguenay-Lac-Saint-Jean,2020-04-11,7,142
Capitale Nationale,2020-04-11,13,440
Mauricie - Centre du Québec,2020-04-11,38,711
Estrie,2020-04-11,19,661
Montréal,2020-04-11,244,5861
Outaouais,2020-04-11,16,157
Abitibi-Temiscamingue,2020-04-11,4,134
Côte-Nord,2020-04-11,8,92
Nord-du-Québec,2020-04-11,0,5
Gaspésie-Îles-de-la-Madeleine,2020-04-11,6,90
Chaudière-Appalaches,2020-04-11,8,230
Laval,2020-04-11,91,1108
Lanaudière,2020-04-11,50,788
Laurentides,2020-04-11,23,568
Montérégie,2020-04-11,86,1259
Nunavik,2020-04-11,2,7
Terres-Cries-de-la-Baie-James,2020-04-11,0,5
Bas-Saint-Laurent,2020-04-12,0,34
Saguenay-Lac-Saint-Jean,2020-04-12,7,149
Capitale Nationale,2020-04-12,4,444
Mauricie - Centre du Québec,2020-04-12,28,739
Estrie,2020-04-12,28,689
Montréal,2020-04-12,227,6088
Outaouais,2020-04-12,12,169
Abitibi-Temiscamingue,2020-04-12,3,137
Côte-Nord,2020-04-12,0,92
Nord-du-Québec,2020-04-12,0,5
Gaspésie-Îles-de-la-Madeleine,2020-04-12,6,96
Chaudière-Appalaches,2020-04-12,17,247
Laval,2020-04-12,123,1231
Lanaudière,2020-04-12,20,808
Laurentides,2020-04-12,13,581
Montérégie,2020-04-12,66,1325
Nunavik,2020-04-12,0,7
Terres-Cries-de-la-Baie-James,2020-04-12,0,5
Bas-Saint-Laurent,2020-04-13,0,34
Saguenay-Lac-Saint-Jean,2020-04-13,12,161
Capitale Nationale,2020-04-13,36,480
Mauricie - Centre du Québec,2020-04-13,46,785
Estrie,2020-04-13,15,704
Montréal,2020-04-13,305,6393
Outaouais,2020-04-13,3,172
Abitibi-Temiscamingue,2020-04-13,1,138
Côte-Nord,2020-04-13,3,95
Nord-du-Québec,2020-04-13,2,7
Gaspésie-Îles-de-la-Madeleine,2020-04-13,1,97
Chaudière-Appalaches,2020-04-13,25,272
Laval,2020-04-13,37,1268
Lanaudière,2020-04-13,60,868
Laurentides,2020-04-13,54,635
Montérégie,2020-04-13,108,1433
Nunavik,2020-04-13,3,10
Terres-Cries-de-la-Baie-James,2020-04-13,0,5
Bas-Saint-Laurent,2020-04-14,0,34
Saguenay-Lac-Saint-Jean,2020-04-14,9,170
Capitale Nationale,2020-04-14,31,511
Mauricie - Centre du Québec,2020-04-14,45,830
Estrie,2020-04-14,17,721
Montréal,2020-04-14,235,6628
Outaouais,2020-04-14,8,180
Abitibi-Temiscamingue,2020-04-14,0,138
Côte-Nord,2020-04-14,1,96
Nord-du-Québec,2020-04-14,0,7
Gaspésie-Îles-de-la-Madeleine,2020-04-14,2,99
Chaudière-Appalaches,2020-04-14,14,286
Laval,2020-04-14,90,1358
Lanaudière,2020-04-14,78,946
Laurentides,2020-04-14,28,663
Montérégie,2020-04-14,132,1565
Nunavik,2020-04-14,1,11
Terres-Cries-de-la-Baie-James,2020-04-14,0,5
Bas-Saint-Laurent,2020-04-15,0,34
Saguenay-Lac-Saint-Jean,2020-04-15,5,175
Capitale Nationale,2020-04-15,17,528
Mauricie - Centre du Québec,2020-04-15,32,862
Estrie,2020-04-15,17,738
Montréal,2020-04-15,202,6830
Outaouais,2020-04-15,1,181
Abitibi-Temiscamingue,2020-04-15,1,139
Côte-Nord,2020-04-15,2,98
Nord-du-Québec,2020-04-15,0,7
Gaspésie-Îles-de-la-Madeleine,2020-04-15,4,103
Chaudière-Appalaches,2020-04-15,5,291
Laval,2020-04-15,97,1455
Lanaudière,2020-04-15,80,1026
Laurentides,2020-04-15,27,690
Montérégie,2020-04-15,121,1686
Nunavik,2020-04-15,1,12
Terres-Cries-de-la-Baie-James,2020-04-15,0,5
Bas-Saint-Laurent,2020-04-16,0,34
Saguenay-Lac-Saint-Jean,2020-04-16,27,202
Capitale Nationale,2020-04-16,23,551
Mauricie - Centre du Québec,2020-04-16,29,891
Estrie,2020-04-16,13,751
Montréal,2020-04-16,451,7281
Outaouais,2020-04-16,10,191
Abitibi-Temiscamingue,2020-04-16,1,140
Côte-Nord,2020-04-16,3,101
Nord-du-Québec,2020-04-16,0,7
Gaspésie-Îles-de-la-Madeleine,2020-04-16,0,103
Chaudière-Appalaches,2020-04-16,2,293
Laval,2020-04-16,165,1620
Lanaudière,2020-04-16,114,1140
Laurentides,2020-04-16,37,727
Montérégie,2020-04-16,121,1807
Nunavik,2020-04-16,1,13
Terres-Cries-de-la-Baie-James,2020-04-16,0,5
Bas-Saint-Laurent,2020-04-17,0,34
Saguenay-Lac-Saint-Jean,2020-04-17,2,204
Capitale Nationale,2020-04-17,18,569
Mauricie - Centre du Québec,2020-04-17,26,917
Estrie,2020-04-17,12,763
Montréal,2020-04-17,479,7760
Outaouais,2020-04-17,1,192
Abitibi-Temiscamingue,2020-04-17,3,143
Côte-Nord,2020-04-17,3,104
Nord-du-Québec,2020-04-17,0,7
Gaspésie-Îles-de-la-Madeleine,2020-04-17,4,107
Chaudière-Appalaches,2020-04-17,11,304
Laval,2020-04-17,152,1772
Lanaudière,2020-04-17,67,1207
Laurentides,2020-04-17,50,777
Montérégie,2020-04-17,113,1920
Nunavik,2020-04-17,0,13
Terres-Cries-de-la-Baie-James,2020-04-17,0,5
Bas-Saint-Laurent,2020-04-18,0,34
Saguenay-Lac-Saint-Jean,2020-04-18,10,214
Capitale Nationale,2020-04-18,17,586
Mauricie - Centre du Québec,2020-04-18,30,947
Estrie,2020-04-18,7,770
Montréal,2020-04-18,292,8052
Outaouais,2020-04-18,10,202
Abitibi-Temiscamingue,2020-04-18,0,143
Côte-Nord,2020-04-18,3,107
Nord-du-Québec,2020-04-18,0,7
Gaspésie-Îles-de-la-Madeleine,2020-04-18,12,119
Chaudière-Appalaches,2020-04-18,12,316
Laval,2020-04-18,125,1897
Lanaudière,2020-04-18,37,1244
Laurentides,2020-04-18,36,813
Montérégie,2020-04-18,132,2052
Nunavik,2020-04-18,0,13
Terres-Cries-de-la-Baie-James,2020-04-18,0,5
Bas-Saint-Laurent,2020-04-19,0,34
Saguenay-Lac-Saint-Jean,2020-04-19,12,226
Capitale Nationale,2020-04-19,13,599
Mauricie - Centre du Québec,2020-04-19,14,961
Estrie,2020-04-19,8,778
Montréal,2020-04-19,406,8458
Outaouais,2020-04-19,7,209
Abitibi-Temiscamingue,2020-04-19,2,145
Côte-Nord,2020-04-19,2,109
Nord-du-Québec,2020-04-19,0,7
Gaspésie-Îles-de-la-Madeleine,2020-04-19,6,125
Chaudière-Appalaches,2020-04-19,7,323
Laval,2020-04-19,132,2029
Lanaudière,2020-04-19,101,1345
Laurentides,2020-04-19,31,844
Montérégie,2020-04-19,90,2142
Nunavik,2020-04-19,0,13
Terres-Cries-de-la-Baie-James,2020-04-19,0,5
Bas-Saint-Laurent,2020-04-20,0,34
Saguenay-Lac-Saint-Jean,2020-04-20,13,239
Capitale Nationale,2020-04-20,16,615
Mauricie - Centre du Québec,2020-04-20,28,989
Estrie,2020-04-20,9,787
Montréal,2020-04-20,506,8964
Outaouais,2020-04-20,5,214
Abitibi-Temiscamingue,2020-04-20,2,147
Côte-Nord,2020-04-20,1,110
Nord-du-Québec,2020-04-20,0,7
Gaspésie-Îles-de-la-Madeleine,2020-04-20,0,125
Chaudière-Appalaches,2020-04-20,10,333
Laval,2020-04-20,66,2095
Lanaudière,2020-04-20,61,1406
Laurentides,2020-04-20,25,869
Montérégie,2020-04-20,224,2366
Nunavik,2020-04-20,1,14
Terres-Cries-de-la-Baie-James,2020-04-20,0,5
Bas-Saint-Laurent,2020-04-21,0,34
Saguenay-Lac-Saint-Jean,2020-04-21,5,244
Capitale Nationale,2020-04-21,15,630
Mauricie - Centre du Québec,2020-04-21,26,1015
Estrie,2020-04-21,7,794
Montréal,2020-04-21,384,9348
Outaouais,2020-04-21,4,218
Abitibi-Temiscamingue,2020-04-21,1,148
Côte-Nord,2020-04-21,1,111
Nord-du-Québec,2020-04-21,0,7
Gaspésie-Îles-de-la-Madeleine,2020-04-21,13,138
Chaudière-Appalaches,2020-04-21,8,341
Laval,2020-04-21,104,2199
Lanaudière,2020-04-21,56,1462
Laurentides,2020-04-21,37,906
Montérégie,2020-04-21,145,2511
Nunavik,2020-04-21,0,14
Terres-Cries-de-la-Baie-James,2020-04-21,0,5
Bas-Saint-Laurent,2020-04-22,0,34
Saguenay-Lac-Saint-Jean,2020-04-22,5,249
Capitale Nationale,2020-04-22,17,647
Mauricie - Centre du Québec,2020-04-22,31,1046
Estrie,2020-04-22,3,797
Montréal,2020-04-22,508,9856
Outaouais,2020-04-22,0,218
Abitibi-Temiscamingue,2020-04-22,0,148
Côte-Nord,2020-04-22,1,112
Nord-du-Québec,2020-04-22,0,7
Gaspésie-Îles-de-la-Madeleine,2020-04-22,8,146
Chaudière-Appalaches,2020-04-22,5,346
Laval,2020-04-22,97,2296
Lanaudière,2020-04-22,72,1534
Laurentides,2020-04-22,30,936
Montérégie,2020-04-22,62,2573
Nunavik,2020-04-22,0,14
Terres-Cries-de-la-Baie-James,2020-04-22,0,5
Bas-Saint-Laurent,2020-04-23,0,34
Saguenay-Lac-Saint-Jean,2020-04-23,8,257
Capitale Nationale,2020-04-23,11,658
Mauricie - Centre du Québec,2020-04-23,40,1086
Estrie,2020-04-23,6,803
Montréal,2020-04-23,519,10375
Outaouais,2020-04-23,10,228
Abitibi-Temiscamingue,2020-04-23,1,149
Côte-Nord,2020-04-23,0,112
Nord-du-Québec,2020-04-23,0,7
Gaspésie-Îles-de-la-Madeleine,2020-04-23,3,149
Chaudière-Appalaches,2020-04-23,3,349
Laval,2020-04-23,115,2411
Lanaudière,2020-04-23,49,1583
Laurentides,2020-04-23,31,967
Montérégie,2020-04-23,77,2650
Nunavik,2020-04-23,0,14
Terres-Cries-de-la-Baie-James,2020-04-23,0,5